aX,aY,aZ,gX,gY,gZ
0.720,-1.099,1.266,269.023,-230.824,-23.420
0.720,-1.099,1.266,268.779,-233.542,-23.847
0.755,-1.107,1.263,268.626,-235.252,-24.153
0.766,-1.106,1.271,268.351,-237.130,-24.595
0.779,-1.109,1.264,266.794,-244.611,-25.649
0.850,-1.116,1.259,264.290,-251.206,-26.031
0.900,-1.101,1.274,259.664,-255.618,-24.427
0.960,-1.107,1.270,253.603,-255.740,-21.939
1.048,-1.125,1.273,244.931,-251.359,-18.305
1.137,-1.130,1.292,233.924,-243.542,-14.000
1.208,-1.166,1.333,220.473,-233.435,-9.679
1.265,-1.213,1.392,204.962,-222.336,-6.733
1.294,-1.255,1.470,189.344,-213.221,-5.481
1.308,-1.311,1.545,173.802,-207.130,-6.275
1.317,-1.357,1.621,160.885,-203.588,-8.550
1.338,-1.408,1.739,150.107,-203.878,-11.496
1.378,-1.435,1.827,142.046,-208.290,-14.824
1.432,-1.461,1.929,135.985,-215.023,-16.885
1.482,-1.490,2.000,131.145,-223.496,-17.176
1.540,-1.512,2.000,127.267,-232.000,-16.122
1.604,-1.517,2.000,123.313,-241.450,-13.618
1.656,-1.505,2.000,119.496,-251.420,-9.695
1.698,-1.510,2.000,114.992,-261.603,-4.351
1.738,-1.510,2.000,109.481,-272.809,2.031
1.735,-1.536,2.000,102.641,-284.290,9.053
1.714,-1.573,2.000,95.924,-296.382,15.969
1.670,-1.600,2.000,88.183,-308.687,22.611
1.591,-1.649,2.000,79.313,-321.557,29.115
1.495,-1.722,2.000,69.328,-332.534,34.183
1.380,-1.822,2.000,58.809,-342.534,36.779
1.290,-1.899,2.000,48.076,-351.679,36.214
1.166,-1.977,2.000,37.099,-360.840,31.618
1.037,-2.000,2.000,24.962,-370.580,23.817
0.949,-2.000,2.000,12.718,-380.595,14.244
0.902,-2.000,2.000,-1.008,-391.664,3.878
0.857,-2.000,2.000,-14.641,-402.412,-4.977
0.814,-1.969,2.000,-29.099,-411.695,-12.626
0.757,-1.927,2.000,-42.809,-417.649,-18.321
0.684,-1.901,2.000,-55.939,-420.672,-22.168
0.617,-1.879,2.000,-68.366,-421.908,-25.389
0.515,-1.836,2.000,-80.855,-421.176,-29.908
0.417,-1.797,2.000,-91.863,-419.359,-35.863
0.301,-1.763,2.000,-101.664,-416.641,-43.466
0.192,-1.731,1.949,-110.290,-412.687,-52.519
0.079,-1.697,1.880,-117.634,-407.176,-63.069
-0.045,-1.663,1.828,-124.489,-400.260,-76.534
-0.172,-1.636,1.790,-130.641,-390.214,-93.344
-0.260,-1.597,1.737,-133.740,-377.634,-114.672
-0.311,-1.493,1.692,-132.595,-362.702,-137.328
-0.318,-1.329,1.654,-126.366,-347.252,-158.672
-0.325,-1.223,1.609,-117.130,-334.748,-174.366
-0.348,-1.099,1.573,-105.099,-324.733,-184.168
-0.403,-1.004,1.488,-90.611,-315.878,-188.168
-0.476,-0.883,1.465,-75.435,-309.405,-189.466
-0.562,-0.767,1.398,-59.878,-305.740,-188.992
-0.663,-0.639,1.312,-43.267,-305.252,-186.794
-0.759,-0.547,1.218,-24.779,-305.939,-183.863
-0.840,-0.451,1.108,-6.122,-307.099,-182.107
-0.896,-0.361,1.000,11.893,-307.176,-181.481
-0.915,-0.272,0.898,27.802,-305.008,-183.008
-0.906,-0.175,0.799,40.519,-300.122,-186.290
-0.870,-0.059,0.694,49.649,-291.527,-190.733
-0.815,0.077,0.595,55.634,-280.260,-195.802
-0.754,0.242,0.509,58.672,-266.412,-199.420
-0.689,0.418,0.404,59.695,-249.221,-201.069
-0.619,0.598,0.339,59.282,-228.992,-198.901
-0.573,0.780,0.267,57.740,-206.107,-191.847
-0.548,0.951,0.208,55.084,-183.832,-180.901
-0.522,1.109,0.135,51.435,-161.649,-167.176
-0.518,1.233,0.064,47.282,-140.855,-150.809
-0.469,1.399,-0.004,42.153,-122.382,-132.702
-0.435,1.483,-0.062,36.702,-104.397,-111.756
-0.396,1.560,-0.104,31.496,-88.137,-89.145
-0.373,1.579,-0.128,26.229,-73.573,-67.359
-0.353,1.567,-0.145,20.718,-59.038,-45.542
-0.350,1.513,-0.137,13.588,-43.389,-23.221
-0.380,1.444,-0.114,6.611,-29.924,-2.702
-0.407,1.380,-0.127,-0.183,-20.076,16.260
-0.462,1.298,-0.136,-6.687,-13.206,34.275
-0.526,1.198,-0.117,-13.023,-9.496,50.779
-0.584,1.079,-0.139,-19.817,-7.542,66.107
-0.622,0.991,-0.169,-26.153,-6.794,80.229
-0.664,0.855,-0.220,-32.061,-6.000,93.160
-0.689,0.722,-0.267,-37.496,-4.229,104.458
-0.676,0.589,-0.304,-42.580,-1.206,115.160
-0.664,0.501,-0.305,-46.611,2.198,123.786
-0.644,0.390,-0.319,-50.534,7.328,130.321
-0.608,0.286,-0.317,-54.885,12.840,134.046
-0.564,0.183,-0.316,-59.344,20.443,135.893
-0.515,0.080,-0.317,-63.359,30.198,136.244
-0.493,0.002,-0.292,-65.908,39.664,135.573
-0.458,-0.085,-0.263,-67.863,49.802,133.954
-0.422,-0.174,-0.227,-68.702,60.275,131.817
-0.394,-0.256,-0.179,-69.252,69.985,128.779
-0.364,-0.323,-0.132,-69.588,78.336,125.618
-0.337,-0.399,-0.092,-70.046,85.053,122.305
-0.307,-0.473,-0.050,-70.779,90.443,118.733
-0.273,-0.554,-0.008,-70.504,94.244,115.145
-0.236,-0.605,0.020,-69.252,96.550,111.557
-0.186,-0.681,0.068,-66.641,98.031,107.420

1.005,-1.037,0.958,259.160,-277.359,-74.031
1.023,-1.039,0.958,257.939,-278.641,-73.511
1.034,-1.038,0.971,256.779,-279.817,-72.885
1.034,-1.038,0.971,255.588,-281.099,-72.214
1.080,-1.056,1.001,251.145,-285.756,-69.130
1.140,-1.089,1.023,245.435,-291.176,-63.710
1.193,-1.124,1.041,240.427,-296.260,-56.992
1.258,-1.157,1.043,235.053,-301.328,-50.000
1.324,-1.198,1.037,230.214,-307.374,-42.550
1.398,-1.259,1.062,226.092,-310.580,-35.603
1.476,-1.327,1.105,221.908,-311.206,-29.924
1.552,-1.386,1.163,217.588,-311.359,-24.763
1.597,-1.449,1.216,211.969,-312.046,-21.344
1.643,-1.493,1.260,205.252,-313.313,-19.878
1.691,-1.556,1.341,197.405,-314.702,-19.359
1.744,-1.598,1.421,189.557,-316.809,-19.191
1.778,-1.615,1.495,181.588,-321.191,-18.565
1.788,-1.634,1.579,173.481,-327.359,-17.252
1.779,-1.670,1.633,163.924,-334.840,-15.832
1.762,-1.726,1.671,155.939,-344.656,-12.962
1.721,-1.796,1.724,149.267,-353.664,-10.473
1.682,-1.844,1.765,144.794,-362.015,-8.672
1.647,-1.863,1.788,141.282,-369.206,-8.595
1.608,-1.906,1.804,138.473,-377.389,-10.656
1.556,-1.954,1.843,134.641,-385.008,-14.092
1.498,-2.000,1.885,129.740,-390.718,-19.359
1.442,-2.000,1.925,123.679,-395.771,-26.046
1.404,-2.000,1.958,115.863,-400.412,-34.061
1.369,-2.000,1.994,106.183,-403.221,-42.305
1.333,-2.000,2.000,95.115,-403.618,-50.565
1.303,-2.000,2.000,84.870,-401.985,-57.130
1.278,-1.972,2.000,75.008,-396.382,-62.931
1.232,-1.934,2.000,66.611,-389.847,-68.427
1.184,-1.875,2.000,57.832,-381.603,-73.496
1.125,-1.807,2.000,48.244,-372.336,-77.740
1.047,-1.727,2.000,36.595,-363.542,-80.824
0.974,-1.655,2.000,23.985,-355.527,-83.420
0.862,-1.562,2.000,10.550,-347.420,-86.733
0.754,-1.473,2.000,-2.046,-339.710,-89.908
0.660,-1.407,2.000,-13.863,-331.313,-93.221
0.570,-1.365,2.000,-24.748,-322.672,-96.885
0.451,-1.329,2.000,-34.641,-314.214,-102.260
0.321,-1.277,2.000,-43.282,-307.237,-109.802
0.199,-1.216,2.000,-46.931,-301.756,-119.496
0.117,-1.129,2.000,-44.580,-295.710,-130.489
0.077,-1.040,2.000,-36.855,-288.855,-139.405
0.020,-0.983,1.979,-25.481,-282.183,-144.244
-0.054,-0.900,1.969,-14.015,-278.137,-145.786
-0.214,-0.833,1.936,-0.840,-276.290,-146.687
-0.320,-0.730,1.911,8.168,-276.748,-149.344
-0.417,-0.654,1.825,13.282,-278.580,-151.649
-0.484,-0.573,1.755,16.855,-278.794,-153.069
-0.527,-0.476,1.661,18.244,-276.595,-153.908
-0.552,-0.403,1.569,18.168,-272.748,-154.168
-0.585,-0.317,1.478,15.786,-266.718,-154.137
-0.612,-0.228,1.357,10.183,-258.794,-155.084
-0.641,-0.127,1.234,2.534,-248.519,-157.084
-0.638,-0.021,1.121,-7.069,-235.618,-159.985
-0.615,0.097,1.012,-17.511,-221.053,-161.328
-0.585,0.204,0.889,-27.634,-206.489,-160.885
-0.559,0.321,0.773,-36.550,-191.053,-157.527
-0.521,0.446,0.677,-43.374,-174.763,-151.405
-0.504,0.563,0.576,-48.000,-160.015,-142.901
-0.501,0.667,0.461,-50.015,-146.916,-132.641
-0.501,0.750,0.372,-50.687,-134.947,-120.412
-0.518,0.843,0.275,-49.786,-124.427,-107.893
-0.533,0.927,0.168,-48.473,-114.595,-95.206
-0.526,0.984,0.071,-46.092,-106.733,-83.863
-0.521,1.042,-0.010,-43.679,-98.855,-71.496
-0.502,1.075,-0.071,-41.511,-91.573,-58.489
-0.486,1.093,-0.114,-39.069,-83.771,-43.878
-0.471,1.085,-0.151,-37.252,-76.214,-28.718
-0.461,1.083,-0.190,-35.771,-69.481,-12.076
-0.469,1.072,-0.220,-35.328,-62.947,4.794
-0.480,1.043,-0.231,-35.344,-57.527,21.542
-0.510,0.999,-0.262,-36.733,-51.740,37.908
-0.543,0.937,-0.248,-39.084,-46.137,52.763
-0.575,0.866,-0.280,-41.450,-40.718,65.725
-0.603,0.788,-0.274,-43.450,-35.664,76.244
-0.603,0.731,-0.289,-44.992,-30.290,85.527
-0.590,0.632,-0.297,-46.260,-24.244,93.008
-0.562,0.539,-0.281,-47.634,-16.962,99.511
-0.540,0.439,-0.291,-49.649,-9.130,104.947
-0.503,0.347,-0.300,-52.855,-0.244,108.901
-0.485,0.280,-0.295,-56.290,8.198,111.893
-0.467,0.187,-0.276,-59.908,16.458,113.389
-0.444,0.093,-0.265,-63.863,23.924,114.321
-0.423,-0.001,-0.248,-66.611,30.534,114.794
-0.413,-0.103,-0.231,-68.565,36.031,114.336
-0.405,-0.200,-0.206,-68.885,39.374,112.427
-0.391,-0.270,-0.197,-67.664,41.221,109.389
-0.363,-0.356,-0.182,-64.473,41.786,104.977
-0.327,-0.438,-0.167,-59.557,41.557,100.076
-0.278,-0.523,-0.157,-52.321,40.458,94.504
-0.214,-0.590,-0.143,-42.763,40.351,88.550
-0.146,-0.644,-0.122,-32.015,41.115,83.160
-0.074,-0.686,-0.100,-19.985,43.069,77.130
-0.032,-0.713,-0.082,-8.641,45.557,71.130
0.030,-0.741,-0.054,2.107,48.504,65.023
0.085,-0.759,-0.010,10.962,51.374,58.885

0.907,-1.263,0.846,229.908,-247.237,-74.702
0.930,-1.272,0.844,229.679,-247.954,-75.252
0.948,-1.274,0.858,229.328,-248.641,-75.817
0.948,-1.274,0.858,229.053,-249.237,-76.351
1.002,-1.308,0.872,228.031,-251.802,-77.786
1.093,-1.343,0.911,226.305,-254.687,-78.412
1.157,-1.370,0.948,224.305,-256.534,-77.740
1.214,-1.390,0.969,222.153,-259.557,-77.221
1.281,-1.406,1.004,220.443,-264.305,-77.023
1.353,-1.437,1.031,219.802,-269.771,-76.092
1.441,-1.452,1.084,220.214,-273.450,-74.580
1.529,-1.497,1.134,221.145,-275.603,-72.198
1.599,-1.556,1.182,222.824,-278.718,-68.855
1.659,-1.598,1.228,225.069,-282.641,-64.534
1.744,-1.651,1.300,227.817,-286.855,-59.649
1.818,-1.715,1.378,229.160,-291.313,-54.565
1.907,-1.790,1.451,229.252,-297.237,-49.160
1.972,-1.877,1.541,228.061,-305.496,-44.107
2.000,-1.973,1.637,224.748,-316.885,-39.328
2.000,-2.000,1.737,219.786,-330.702,-36.351
2.000,-2.000,1.811,212.733,-348.305,-34.962
1.959,-2.000,1.895,203.695,-369.893,-35.023
1.859,-2.000,1.936,191.618,-393.099,-37.221
1.792,-2.000,1.952,178.794,-419.405,-40.427
1.702,-2.000,1.960,164.397,-444.885,-45.405
1.610,-2.000,1.928,149.298,-466.473,-51.847
1.532,-2.000,1.871,133.160,-481.679,-60.305
1.471,-2.000,1.808,116.824,-488.870,-69.176
1.431,-2.000,1.738,100.916,-487.328,-78.763
1.403,-2.000,1.663,88.153,-478.901,-87.267
1.397,-2.000,1.626,76.534,-465.847,-95.038
1.364,-2.000,1.612,65.084,-448.947,-101.924
1.303,-2.000,1.621,52.885,-426.977,-110.397
1.240,-2.000,1.676,42.702,-401.221,-119.206
1.191,-2.000,1.774,36.702,-373.924,-129.649
1.144,-2.000,1.853,35.328,-349.282,-140.580
1.065,-1.924,1.934,37.725,-331.466,-149.664
0.945,-1.804,2.000,41.450,-320.275,-156.885
0.799,-1.678,2.000,45.313,-313.985,-162.947
0.651,-1.532,2.000,49.802,-311.847,-168.489
0.506,-1.406,2.000,55.908,-312.870,-173.237
0.408,-1.309,2.000,62.565,-317.023,-176.733
0.277,-1.164,2.000,69.511,-323.725,-179.786
0.152,-1.011,2.000,75.847,-332.534,-181.695
0.024,-0.885,2.000,81.924,-340.947,-182.962
-0.086,-0.733,1.948,86.748,-349.160,-183.023
-0.199,-0.601,1.816,92.595,-355.603,-181.878
-0.222,-0.443,1.706,94.214,-357.466,-177.496
-0.259,-0.311,1.526,94.137,-355.710,-168.885
-0.319,-0.223,1.380,92.840,-347.282,-159.191
-0.368,-0.121,1.247,88.977,-330.840,-152.580
-0.396,-0.017,1.113,81.985,-307.221,-149.176
-0.410,0.082,1.012,69.863,-277.084,-148.687
-0.435,0.175,0.914,54.916,-245.221,-149.252
-0.466,0.243,0.842,37.481,-213.374,-151.573
-0.489,0.323,0.772,19.924,-181.603,-153.893
-0.510,0.422,0.752,5.344,-153.389,-155.206
-0.541,0.483,0.721,-5.023,-130.672,-154.244
-0.588,0.551,0.657,-9.328,-113.771,-151.130
-0.624,0.638,0.612,-7.878,-102.412,-144.824
-0.647,0.719,0.548,-2.122,-94.824,-137.435
-0.645,0.792,0.494,5.588,-88.733,-128.489
-0.614,0.871,0.443,13.664,-82.931,-117.176
-0.603,0.922,0.393,21.511,-77.130,-103.649
-0.604,0.997,0.318,27.359,-70.824,-87.771
-0.603,1.059,0.233,30.733,-63.756,-71.084
-0.596,1.104,0.173,30.641,-55.481,-53.374
-0.576,1.117,0.120,27.206,-45.939,-35.893
-0.548,1.123,0.083,19.359,-33.679,-16.305
-0.525,1.111,0.068,9.298,-21.588,1.908
-0.538,1.095,0.087,-2.611,-9.298,18.901
-0.570,1.042,0.104,-15.527,2.473,33.573
-0.620,1.002,0.127,-30.351,11.939,47.664
-0.665,0.959,0.148,-45.237,18.962,60.122
-0.734,0.882,0.146,-60.718,23.420,70.885
-0.787,0.818,0.150,-75.786,24.733,80.382
-0.833,0.731,0.124,-89.756,24.092,88.443
-0.843,0.625,0.085,-102.229,22.153,96.092
-0.843,0.535,0.058,-111.435,20.260,102.672
-0.815,0.411,0.036,-116.672,19.237,108.137
-0.775,0.291,0.017,-117.252,18.748,112.137
-0.737,0.180,-0.010,-113.618,18.534,114.641
-0.714,0.080,-0.037,-106.092,18.092,115.542
-0.681,-0.011,-0.059,-95.939,17.389,115.664
-0.651,-0.092,-0.080,-84.000,15.908,114.214
-0.622,-0.142,-0.087,-72.580,14.168,112.198
-0.575,-0.204,-0.110,-60.809,12.366,109.878
-0.533,-0.261,-0.107,-50.550,11.603,107.634
-0.470,-0.302,-0.114,-42.168,11.802,104.977
-0.412,-0.349,-0.089,-36.229,13.328,102.031
-0.355,-0.379,-0.061,-32.870,15.939,98.672
-0.301,-0.391,-0.042,-32.198,18.489,94.992
-0.260,-0.394,-0.040,-33.267,20.595,91.069
-0.230,-0.405,-0.028,-35.924,22.916,88.000
-0.189,-0.413,-0.025,-40.931,25.664,84.672
-0.123,-0.420,-0.016,-47.053,29.725,81.878
-0.055,-0.439,0.002,-54.473,34.763,79.328
0.011,-0.460,0.011,-61.832,40.382,76.947
0.063,-0.468,0.013,-68.427,46.061,74.519
0.123,-0.486,0.020,-74.076,51.740,71.725

1.005,-1.458,0.550,149.802,-263.542,-133.725
1.020,-1.464,0.551,149.664,-263.954,-134.092
1.031,-1.467,0.561,149.344,-264.305,-134.534
1.031,-1.467,0.561,149.084,-264.718,-134.824
1.077,-1.490,0.569,147.802,-266.092,-136.550
1.142,-1.535,0.579,148.351,-270.611,-136.840
1.195,-1.579,0.634,148.366,-272.611,-136.824
1.247,-1.618,0.656,147.328,-274.916,-137.557
1.312,-1.653,0.692,146.779,-280.885,-137.771
1.353,-1.683,0.726,146.137,-288.229,-138.901
1.413,-1.707,0.768,145.832,-296.061,-140.366
1.472,-1.744,0.793,144.748,-304.519,-141.374
1.531,-1.771,0.807,142.824,-313.695,-142.321
1.604,-1.814,0.815,141.145,-323.786,-141.924
1.646,-1.835,0.864,139.695,-333.282,-141.237
1.687,-1.878,0.868,139.924,-343.450,-140.290
1.696,-1.898,0.900,142.092,-354.321,-138.977
1.704,-1.935,0.917,145.756,-365.527,-136.870
1.670,-1.971,0.951,150.794,-377.115,-131.740
1.629,-2.000,0.986,155.969,-388.198,-124.168
1.562,-2.000,1.029,161.053,-400.489,-115.252
1.447,-2.000,1.066,163.924,-413.145,-107.725
1.337,-2.000,1.101,163.008,-427.542,-102.855
1.241,-2.000,1.094,157.435,-442.901,-101.435
1.130,-2.000,1.095,147.725,-457.786,-102.885
1.029,-2.000,1.088,135.710,-470.305,-106.534
0.945,-2.000,1.063,122.794,-476.885,-112.534
0.870,-2.000,0.979,109.374,-479.405,-119.969
0.841,-2.000,0.887,96.733,-477.298,-128.931
0.850,-2.000,0.797,86.168,-468.656,-139.038
0.876,-2.000,0.705,76.931,-452.550,-149.603
0.932,-2.000,0.646,70.137,-427.313,-159.557
0.990,-1.997,0.629,65.496,-395.664,-167.069
1.010,-1.964,0.661,62.137,-357.527,-172.214
0.971,-1.914,0.741,60.153,-318.137,-175.725
0.881,-1.851,0.830,58.977,-281.298,-179.282
0.767,-1.784,0.947,59.786,-249.618,-182.489
0.662,-1.739,1.067,62.611,-228.427,-185.313
0.531,-1.667,1.232,65.786,-214.107,-189.328
0.402,-1.606,1.341,69.679,-207.450,-195.771
0.251,-1.538,1.462,74.092,-207.130,-205.038
0.119,-1.421,1.572,78.947,-212.061,-216.550
-0.012,-1.308,1.528,85.756,-217.863,-228.641
-0.075,-1.126,1.588,89.252,-223.313,-238.611
-0.158,-0.974,1.506,91.756,-228.168,-243.939
-0.207,-0.819,1.440,94.183,-228.366,-245.573
-0.227,-0.650,1.364,95.511,-222.565,-244.809
-0.219,-0.455,1.292,95.344,-210.382,-242.718
-0.221,-0.286,1.224,91.725,-195.573,-239.557
-0.268,-0.113,1.152,84.443,-180.092,-236.168
-0.325,0.037,1.101,73.969,-165.344,-233.420
-0.364,0.198,1.041,61.893,-152.824,-230.656
-0.407,0.349,0.972,49.649,-141.985,-226.427
-0.448,0.482,0.906,38.901,-131.817,-220.580
-0.474,0.568,0.872,30.656,-121.924,-214.107
-0.480,0.666,0.799,23.725,-111.099,-205.832
-0.477,0.759,0.733,18.702,-100.656,-196.183
-0.479,0.845,0.658,15.969,-91.527,-185.344
-0.480,0.934,0.568,14.519,-84.168,-173.389
-0.483,1.019,0.496,14.275,-78.489,-161.023
-0.455,1.099,0.438,14.702,-72.916,-147.435
-0.438,1.151,0.382,14.992,-67.374,-132.290
-0.425,1.214,0.314,13.954,-60.595,-114.885
-0.411,1.268,0.229,12.489,-53.374,-96.397
-0.389,1.289,0.186,9.863,-45.160,-77.893
-0.382,1.288,0.160,4.519,-37.298,-59.588
-0.365,1.287,0.128,-3.786,-29.878,-41.282
-0.369,1.260,0.104,-13.985,-22.565,-23.313
-0.389,1.198,0.091,-26.733,-15.359,-4.748
-0.399,1.117,0.093,-39.969,-10.031,13.145
-0.429,1.031,0.109,-51.618,-7.115,29.435
-0.482,0.937,0.097,-61.725,-6.947,44.931
-0.525,0.864,0.086,-68.458,-8.656,57.771
-0.546,0.768,0.050,-72.641,-11.008,69.328
-0.569,0.656,0.022,-75.008,-12.779,79.847
-0.567,0.567,-0.021,-75.863,-13.740,88.595
-0.547,0.438,-0.067,-75.740,-14.290,96.870
-0.515,0.321,-0.126,-74.870,-14.137,103.740
-0.503,0.217,-0.181,-72.504,-13.084,108.611
-0.460,0.116,-0.230,-68.733,-10.092,112.076
-0.404,0.030,-0.258,-63.908,-6.275,114.046
-0.360,-0.061,-0.277,-58.580,-1.130,114.382
-0.314,-0.110,-0.278,-53.481,3.679,113.237
-0.276,-0.181,-0.296,-49.191,9.496,111.160
-0.235,-0.242,-0.279,-46.092,14.992,108.321
-0.207,-0.300,-0.283,-44.092,19.725,105.252
-0.177,-0.350,-0.275,-42.901,22.794,102.198
-0.155,-0.396,-0.280,-42.321,26.092,99.282
-0.131,-0.444,-0.267,-42.153,29.481,96.443
-0.091,-0.476,-0.253,-42.198,34.061,94.412
-0.038,-0.521,-0.220,-42.992,39.450,91.939
-0.008,-0.599,-0.133,-45.298,45.099,88.336
0.042,-0.588,-0.085,-49.252,46.977,81.527
0.146,-0.543,-0.135,-53.450,50.840,75.496
0.199,-0.546,-0.124,-56.687,56.824,72.534
0.267,-0.568,-0.094,-59.145,64.382,71.756
0.317,-0.592,-0.048,-60.626,72.931,72.031
0.358,-0.579,-0.024,-61.435,81.618,71.756
0.389,-0.577,0.000,-61.069,88.702,70.443
0.415,-0.572,0.032,-59.328,93.435,68.733

0.949,-1.492,0.597,220.305,-260.916,-165.084
0.959,-1.490,0.604,221.511,-261.634,-165.130
0.971,-1.496,0.610,222.733,-262.489,-165.191
0.971,-1.496,0.610,223.771,-263.328,-165.313
1.020,-1.519,0.638,230.168,-268.198,-165.282
1.069,-1.545,0.672,237.863,-275.252,-163.893
1.112,-1.569,0.715,246.107,-283.328,-161.160
1.159,-1.602,0.758,254.076,-290.916,-157.481
1.214,-1.627,0.815,260.366,-298.763,-154.687
1.257,-1.664,0.873,265.252,-305.740,-153.939
1.317,-1.670,0.920,268.916,-313.344,-154.916
1.382,-1.655,0.972,271.359,-322.779,-156.885
1.428,-1.659,1.007,270.672,-331.939,-160.305
1.488,-1.646,1.077,266.611,-341.481,-163.588
1.540,-1.629,1.130,259.542,-351.374,-165.847
1.573,-1.610,1.193,250.382,-359.405,-167.802
1.601,-1.603,1.266,239.435,-367.008,-168.656
1.630,-1.595,1.302,227.756,-377.176,-168.748
1.648,-1.576,1.329,217.191,-389.069,-166.885
1.655,-1.559,1.343,207.939,-402.198,-162.718
1.646,-1.554,1.352,198.809,-413.359,-156.305
1.601,-1.585,1.392,188.656,-423.603,-148.809
1.540,-1.631,1.390,177.389,-432.687,-142.427
1.472,-1.677,1.363,165.557,-442.473,-138.931
1.402,-1.693,1.319,154.855,-452.733,-139.221
1.315,-1.726,1.307,146.046,-461.634,-142.947
1.261,-1.782,1.264,139.740,-466.260,-150.000
1.238,-1.826,1.239,137.084,-463.710,-158.580
1.212,-1.850,1.250,137.496,-453.573,-167.573
1.233,-1.824,1.227,140.947,-437.160,-175.985
1.241,-1.729,1.259,145.053,-415.649,-184.260
1.251,-1.641,1.281,148.092,-393.145,-192.000
1.225,-1.523,1.314,148.595,-372.076,-198.687
1.168,-1.439,1.366,147.298,-353.344,-202.962
1.096,-1.370,1.442,145.099,-335.985,-204.595
1.012,-1.281,1.524,143.511,-319.405,-204.947
0.926,-1.202,1.592,144.076,-306.473,-203.863
0.832,-1.111,1.669,146.901,-298.366,-201.969
0.734,-1.016,1.713,150.473,-294.092,-199.191
0.631,-0.931,1.754,153.450,-291.985,-195.603
0.531,-0.833,1.808,154.489,-291.679,-191.313
0.404,-0.742,1.805,154.336,-294.198,-187.206
0.281,-0.616,1.791,150.168,-297.664,-183.863
0.147,-0.518,1.721,145.664,-301.252,-180.718
0.082,-0.427,1.658,141.863,-300.290,-177.145
0.032,-0.330,1.598,137.771,-293.664,-173.221
-0.005,-0.241,1.522,130.885,-281.084,-169.023
-0.020,-0.158,1.449,119.252,-262.031,-165.756
0.001,-0.066,1.397,102.870,-241.069,-162.183
0.004,0.049,1.356,82.870,-218.153,-157.511
-0.025,0.129,1.326,63.710,-195.634,-151.695
-0.074,0.176,1.299,46.977,-174.473,-144.397
-0.131,0.222,1.275,34.733,-155.725,-135.832
-0.212,0.265,1.270,25.924,-138.992,-126.351
-0.316,0.319,1.245,20.458,-126.351,-116.779
-0.402,0.377,1.189,16.595,-117.924,-107.435
-0.475,0.450,1.107,13.771,-112.794,-97.389
-0.534,0.489,1.056,10.809,-110.702,-86.748
-0.617,0.530,0.942,7.053,-109.588,-75.069
-0.676,0.566,0.827,2.183,-107.481,-63.282
-0.731,0.593,0.698,-4.580,-103.710,-51.511
-0.771,0.615,0.576,-13.527,-99.725,-39.435
-0.791,0.640,0.490,-25.191,-95.542,-27.206
-0.819,0.645,0.354,-37.603,-90.947,-15.939
-0.831,0.665,0.238,-50.473,-84.489,-5.313
-0.816,0.674,0.134,-62.718,-77.450,4.031
-0.792,0.687,0.062,-73.389,-69.115,12.580
-0.763,0.680,-0.024,-83.695,-59.863,21.023
-0.738,0.632,-0.096,-93.679,-50.366,29.634
-0.699,0.597,-0.143,-102.977,-41.969,39.405
-0.696,0.563,-0.198,-110.779,-37.008,49.710
-0.710,0.520,-0.268,-115.405,-35.679,59.740
-0.732,0.475,-0.304,-116.076,-36.824,69.145
-0.728,0.406,-0.371,-113.206,-38.779,77.725
-0.709,0.324,-0.395,-107.847,-40.534,86.489
-0.666,0.244,-0.448,-101.557,-42.000,93.863
-0.612,0.172,-0.486,-94.580,-43.237,100.763
-0.527,0.111,-0.550,-88.412,-43.435,106.534
-0.445,0.070,-0.564,-83.588,-41.328,110.763
-0.373,0.022,-0.598,-79.466,-37.466,114.137
-0.325,-0.021,-0.621,-77.130,-32.351,116.733
-0.279,-0.073,-0.635,-76.763,-25.359,117.985
-0.270,-0.136,-0.665,-77.176,-18.504,118.000
-0.228,-0.192,-0.702,-76.931,-10.809,116.229
-0.173,-0.248,-0.699,-76.489,-4.092,113.924
-0.122,-0.283,-0.690,-75.221,2.992,110.702
-0.041,-0.321,-0.668,-73.496,10.794,106.718
0.053,-0.360,-0.667,-70.809,18.763,102.779
0.145,-0.407,-0.641,-66.870,27.023,99.069
0.220,-0.441,-0.604,-61.802,34.458,95.893
0.259,-0.452,-0.585,-55.420,41.313,93.069
0.334,-0.462,-0.522,-48.305,48.412,90.076
0.406,-0.473,-0.450,-40.565,54.763,87.420
0.468,-0.488,-0.395,-33.099,60.183,84.779
0.508,-0.503,-0.342,-26.000,64.153,82.565
0.538,-0.533,-0.279,-19.053,66.397,79.878
0.568,-0.537,-0.210,-12.260,67.023,77.191
0.602,-0.539,-0.160,-4.855,66.260,74.336
0.621,-0.543,-0.110,2.092,65.221,71.496
0.647,-0.559,-0.059,8.168,63.679,69.115

0.840,-1.407,0.760,255.023,-225.863,-118.061
0.857,-1.399,0.779,255.481,-226.733,-118.321
0.872,-1.400,0.789,255.893,-227.664,-118.489
0.872,-1.400,0.789,256.198,-228.275,-118.565
0.940,-1.400,0.835,256.901,-231.969,-118.366
0.998,-1.400,0.872,256.626,-236.229,-117.191
1.044,-1.415,0.908,255.450,-241.802,-116.076
1.095,-1.423,0.952,253.542,-248.412,-114.885
1.168,-1.436,0.991,251.405,-253.740,-113.618
1.260,-1.465,1.039,249.221,-258.046,-111.481
1.351,-1.518,1.104,246.336,-261.603,-108.565
1.453,-1.561,1.145,242.992,-265.573,-104.870
1.553,-1.630,1.210,238.519,-270.550,-101.802
1.645,-1.704,1.295,232.473,-277.679,-99.878
1.702,-1.759,1.368,225.649,-287.542,-99.847
1.750,-1.798,1.403,219.267,-299.542,-100.214
1.773,-1.821,1.475,211.985,-311.527,-99.405
1.798,-1.922,1.558,204.855,-326.656,-97.313
1.777,-1.937,1.635,196.046,-342.962,-95.237
1.727,-1.995,1.722,185.511,-361.771,-89.099
1.606,-2.000,1.802,172.641,-380.321,-82.733
1.464,-2.000,1.851,157.115,-400.458,-76.702
1.313,-2.000,1.866,138.870,-423.145,-72.824
1.164,-2.000,1.855,119.527,-447.023,-72.580
1.045,-2.000,1.829,99.649,-472.107,-77.313
0.933,-2.000,1.733,81.145,-490.656,-88.015
0.884,-2.000,1.712,63.313,-500.076,-105.206
0.805,-2.000,1.572,49.435,-500.275,-127.511
0.775,-2.000,1.467,37.817,-500.275,-153.298
0.779,-2.000,1.356,27.176,-500.275,-179.756
0.783,-2.000,1.173,18.214,-500.275,-204.275
0.833,-2.000,1.091,10.137,-485.038,-225.145
0.902,-2.000,1.012,4.687,-458.153,-238.672
0.963,-1.975,1.042,2.748,-419.282,-244.489
0.987,-1.914,1.052,4.809,-373.008,-244.962
0.984,-1.834,1.136,9.756,-328.214,-242.580
0.945,-1.731,1.215,16.870,-288.779,-241.313
0.876,-1.608,1.274,25.221,-261.008,-240.809
0.767,-1.508,1.361,34.763,-241.939,-240.122
0.642,-1.456,1.485,45.496,-227.817,-238.656
0.477,-1.423,1.607,56.214,-219.863,-237.527
0.297,-1.333,1.685,67.695,-217.313,-236.901
0.161,-1.254,1.722,79.145,-222.840,-236.260
-0.001,-1.129,1.741,89.557,-233.328,-234.565
-0.141,-0.971,1.709,99.298,-247.527,-231.176
-0.248,-0.803,1.640,106.809,-262.275,-225.084
-0.374,-0.653,1.520,113.313,-274.122,-217.542
-0.459,-0.515,1.356,119.008,-281.008,-209.618
-0.542,-0.373,1.184,121.832,-279.221,-202.916
-0.542,-0.255,1.030,120.580,-267.542,-198.641
-0.473,-0.122,0.897,113.405,-245.725,-195.176
-0.390,0.012,0.770,100.031,-217.115,-192.061
-0.322,0.127,0.655,84.092,-183.649,-187.802
-0.251,0.237,0.606,64.977,-147.740,-182.015
-0.232,0.331,0.588,44.519,-110.641,-174.840
-0.244,0.402,0.566,23.832,-75.206,-166.702
-0.311,0.473,0.564,5.420,-46.687,-157.450
-0.433,0.529,0.541,-7.634,-28.275,-147.878
-0.554,0.565,0.514,-15.725,-15.679,-138.183
-0.658,0.570,0.482,-18.962,-7.466,-129.756
-0.729,0.574,0.455,-16.687,-2.672,-122.611
-0.781,0.584,0.427,-9.588,0.534,-116.718
-0.802,0.588,0.400,0.748,0.504,-111.160
-0.795,0.603,0.373,13.069,-2.641,-105.405
-0.763,0.646,0.320,28.092,-6.779,-97.588
-0.685,0.687,0.308,41.786,-10.351,-88.046
-0.611,0.701,0.306,55.115,-12.580,-75.252
-0.547,0.730,0.318,63.527,-13.053,-60.122
-0.510,0.750,0.347,66.626,-11.969,-42.626
-0.515,0.780,0.352,65.023,-10.809,-25.664
-0.551,0.766,0.333,59.069,-10.809,-10.015
-0.603,0.758,0.337,48.901,-10.977,4.489
-0.654,0.707,0.287,37.053,-12.321,15.939
-0.688,0.670,0.259,22.412,-13.481,26.168
-0.690,0.615,0.215,6.229,-14.061,34.641
-0.647,0.554,0.172,-10.366,-13.939,42.626
-0.609,0.497,0.150,-27.634,-12.947,50.061
-0.562,0.427,0.117,-43.023,-12.000,57.573
-0.525,0.346,0.094,-57.481,-9.374,63.481
-0.490,0.275,0.080,-69.359,-7.817,68.947
-0.484,0.185,0.038,-79.038,-6.076,73.252
-0.441,0.079,0.003,-86.183,-4.855,77.221
-0.431,0.008,-0.020,-90.031,-4.137,80.275
-0.409,-0.095,-0.034,-90.962,-4.122,82.153
-0.399,-0.172,-0.066,-88.504,-5.618,82.824
-0.378,-0.255,-0.101,-82.641,-8.519,82.840
-0.349,-0.325,-0.135,-74.092,-11.328,81.985
-0.323,-0.369,-0.169,-63.420,-13.023,80.733
-0.266,-0.420,-0.203,-52.046,-12.809,79.099
-0.203,-0.455,-0.228,-40.473,-11.053,77.115
-0.130,-0.482,-0.243,-29.985,-8.046,75.038
-0.074,-0.496,-0.260,-21.008,-3.939,72.626
-0.008,-0.513,-0.272,-13.191,1.649,69.924
0.043,-0.519,-0.260,-6.885,7.725,67.435
0.088,-0.530,-0.244,-1.450,13.969,64.458
0.136,-0.531,-0.229,2.718,20.412,60.916
0.163,-0.527,-0.203,5.893,26.702,57.282
0.210,-0.525,-0.177,8.580,32.580,53.267
0.245,-0.499,-0.157,10.458,38.519,49.359
0.301,-0.483,-0.121,11.267,44.489,45.573

0.775,-1.615,0.626,116.931,-218.580,-158.443
0.806,-1.653,0.633,118.290,-219.527,-159.603
0.841,-1.680,0.635,119.832,-220.641,-160.718
0.841,-1.680,0.635,121.328,-221.786,-161.954
0.953,-1.676,0.693,128.015,-226.015,-167.511
1.074,-1.663,0.727,134.672,-229.756,-172.992
1.155,-1.671,0.765,141.115,-231.252,-176.031
1.229,-1.702,0.801,146.626,-232.015,-175.435
1.302,-1.765,0.880,150.427,-232.840,-172.672
1.348,-1.820,0.945,152.855,-235.115,-168.962
1.389,-1.859,1.002,154.031,-239.695,-164.656
1.424,-1.891,1.069,154.076,-246.611,-159.908
1.439,-1.935,1.120,153.344,-256.382,-155.847
1.428,-2.000,1.192,151.420,-269.344,-152.794
1.404,-2.000,1.256,148.840,-286.397,-151.969
1.365,-2.000,1.323,146.000,-305.756,-153.008
1.312,-2.000,1.346,143.130,-328.427,-155.847
1.232,-2.000,1.344,141.206,-354.076,-159.908
1.150,-2.000,1.304,141.252,-381.756,-164.137
1.063,-2.000,1.287,142.489,-409.466,-169.160
0.990,-2.000,1.254,143.420,-436.901,-175.847
0.932,-2.000,1.187,144.000,-460.687,-185.191
0.874,-2.000,1.079,145.603,-482.809,-196.733
0.853,-2.000,1.020,145.481,-498.504,-209.695
0.853,-2.000,0.929,144.137,-500.275,-223.191
0.857,-2.000,0.839,140.489,-500.275,-236.443
0.869,-2.000,0.735,134.901,-500.275,-248.641
0.869,-1.893,0.665,128.595,-494.870,-259.573
0.874,-1.762,0.616,121.466,-480.244,-268.458
0.882,-1.663,0.547,116.015,-460.382,-275.832
0.900,-1.536,0.526,110.885,-437.221,-281.130
0.917,-1.445,0.479,108.779,-410.275,-281.725
0.927,-1.357,0.484,110.901,-379.603,-278.137
0.912,-1.276,0.521,117.191,-345.710,-272.137
0.880,-1.175,0.575,125.328,-312.718,-264.534
0.825,-1.062,0.636,133.221,-282.504,-256.962
0.742,-0.971,0.739,138.702,-257.405,-249.771
0.644,-0.882,0.812,141.344,-238.260,-243.267
0.545,-0.810,0.894,142.336,-224.000,-237.206
0.413,-0.753,0.981,142.870,-213.832,-232.595
0.240,-0.694,1.069,143.496,-208.244,-230.458
0.079,-0.604,1.097,145.405,-206.092,-230.336
-0.056,-0.516,1.130,147.786,-205.099,-230.702
-0.137,-0.408,1.133,149.725,-204.260,-229.267
-0.181,-0.280,1.091,151.802,-202.244,-224.336
-0.211,-0.138,1.033,153.466,-196.916,-216.962
-0.240,0.022,0.958,153.466,-186.290,-207.634
-0.240,0.153,0.888,151.206,-172.183,-197.802
-0.217,0.256,0.844,145.817,-154.763,-187.695
-0.187,0.411,0.783,136.076,-132.351,-176.824
-0.186,0.527,0.745,122.107,-107.740,-165.313
-0.221,0.622,0.693,104.473,-81.008,-154.214
-0.284,0.713,0.656,84.580,-54.809,-143.725
-0.333,0.775,0.640,64.458,-30.656,-134.443
-0.399,0.802,0.637,44.458,-8.214,-124.626
-0.469,0.810,0.655,26.229,10.947,-114.931
-0.515,0.805,0.678,11.466,24.840,-105.191
-0.586,0.786,0.683,-0.901,32.916,-94.626
-0.667,0.800,0.688,-8.962,35.969,-83.053
-0.717,0.804,0.650,-13.786,34.427,-71.221
-0.755,0.802,0.637,-16.901,30.229,-57.924
-0.777,0.753,0.641,-18.321,25.389,-42.290
-0.809,0.705,0.577,-18.794,18.885,-26.504
-0.825,0.673,0.567,-18.901,11.130,-10.870
-0.839,0.623,0.511,-19.466,3.802,4.198
-0.847,0.558,0.474,-20.641,-1.511,17.328
-0.856,0.522,0.436,-23.328,-6.122,31.023
-0.849,0.461,0.395,-27.359,-10.290,44.962
-0.844,0.411,0.337,-32.443,-14.824,57.115
-0.830,0.373,0.292,-38.779,-18.489,68.519
-0.824,0.319,0.228,-45.664,-21.924,78.702
-0.793,0.272,0.170,-52.962,-24.107,87.740
-0.753,0.230,0.118,-60.519,-24.962,95.099
-0.701,0.175,0.041,-67.695,-25.420,101.969
-0.643,0.113,-0.038,-74.260,-25.252,108.214
-0.565,0.048,-0.079,-79.069,-23.695,113.695
-0.500,-0.009,-0.104,-82.382,-20.794,118.198
-0.447,-0.064,-0.141,-83.420,-17.420,121.206
-0.403,-0.115,-0.161,-82.977,-14.427,122.840
-0.353,-0.167,-0.183,-80.412,-12.931,123.389
-0.310,-0.208,-0.208,-76.321,-12.916,123.344
-0.271,-0.236,-0.230,-70.641,-13.496,122.794
-0.200,-0.258,-0.247,-63.237,-13.603,122.290
-0.138,-0.297,-0.260,-55.191,-12.214,122.153
-0.062,-0.335,-0.273,-46.321,-10.473,122.412
0.001,-0.376,-0.271,-37.084,-7.557,122.672
0.075,-0.414,-0.259,-27.435,-3.405,122.015
0.129,-0.431,-0.234,-17.603,1.450,120.840
0.217,-0.444,-0.197,-8.748,7.191,119.267
0.304,-0.447,-0.142,-1.405,12.809,117.374
0.361,-0.453,-0.119,4.107,17.557,116.137
0.418,-0.466,-0.096,6.824,21.557,114.779
0.461,-0.472,-0.063,7.328,25.206,113.817
0.492,-0.484,-0.034,6.000,29.282,112.458
0.530,-0.497,-0.003,2.947,33.557,110.977
0.560,-0.518,0.025,-1.634,38.046,108.718
0.589,-0.541,0.051,-6.962,41.969,106.153
0.632,-0.569,0.075,-12.107,45.847,103.023
0.679,-0.615,0.119,-16.504,49.710,99.481
0.720,-0.640,0.133,-19.786,52.504,96.107

1.012,-1.283,0.712,199.908,-226.076,-165.282
1.031,-1.286,0.726,200.290,-226.489,-164.809
1.046,-1.281,0.731,200.611,-226.947,-164.336
1.046,-1.281,0.731,200.947,-227.267,-163.832
1.108,-1.286,0.772,203.176,-228.733,-161.099
1.168,-1.322,0.823,207.038,-231.939,-157.908
1.237,-1.350,0.862,211.374,-237.008,-155.252
1.291,-1.390,0.891,216.427,-243.740,-153.298
1.386,-1.433,0.947,221.939,-251.573,-150.901
1.469,-1.492,0.997,227.298,-260.061,-147.450
1.548,-1.559,1.061,231.817,-269.328,-142.962
1.607,-1.627,1.158,235.145,-278.931,-137.206
1.650,-1.709,1.230,236.427,-289.908,-131.053
1.667,-1.752,1.288,235.786,-303.115,-125.191
1.676,-1.835,1.377,232.656,-319.145,-119.618
1.668,-1.919,1.460,227.908,-337.496,-115.252
1.658,-1.997,1.531,222.580,-359.557,-111.954
1.638,-2.000,1.603,217.634,-384.794,-109.435
1.594,-2.000,1.644,211.924,-412.015,-109.817
1.510,-2.000,1.646,206.153,-442.427,-112.244
1.405,-2.000,1.620,199.420,-472.809,-117.802
1.281,-2.000,1.561,193.069,-500.275,-126.580
1.179,-2.000,1.491,186.076,-500.275,-137.282
1.061,-2.000,1.385,179.038,-500.275,-150.779
0.998,-2.000,1.275,171.069,-500.275,-165.542
0.978,-1.960,1.155,161.298,-500.275,-180.321
1.006,-1.892,1.054,149.374,-500.275,-193.725
1.074,-1.842,0.996,135.573,-500.275,-202.351
1.141,-1.810,1.011,122.198,-500.275,-207.374
1.217,-1.735,1.043,111.511,-456.336,-210.244
1.259,-1.585,1.128,102.382,-410.305,-214.321
1.269,-1.398,1.238,93.435,-371.298,-220.244
1.201,-1.217,1.354,82.458,-342.992,-227.206
1.103,-1.050,1.441,69.878,-323.328,-231.939
0.989,-0.924,1.470,56.656,-308.122,-232.366
0.922,-0.794,1.591,43.191,-296.427,-228.824
0.821,-0.681,1.628,30.809,-290.473,-222.366
0.684,-0.559,1.644,22.534,-291.511,-212.641
0.540,-0.441,1.606,19.206,-299.557,-200.427
0.434,-0.352,1.554,19.542,-311.008,-187.374
0.289,-0.249,1.474,22.000,-323.969,-174.763
0.146,-0.174,1.346,24.534,-334.305,-165.908
0.051,-0.104,1.180,25.542,-339.511,-159.511
0.041,-0.038,0.993,25.496,-338.901,-154.168
0.069,0.029,0.836,23.542,-331.328,-149.359
0.116,0.129,0.689,20.443,-318.733,-145.847
0.171,0.220,0.544,16.244,-299.527,-142.870
0.221,0.279,0.469,11.588,-275.527,-139.053
0.279,0.362,0.384,7.878,-247.893,-134.092
0.283,0.435,0.338,5.847,-218.840,-129.252
0.258,0.531,0.295,6.366,-189.771,-123.481
0.217,0.608,0.278,9.099,-160.031,-116.244
0.117,0.675,0.302,12.626,-130.870,-108.656
0.001,0.755,0.313,16.107,-107.160,-100.351
-0.141,0.830,0.345,19.053,-87.252,-92.397
-0.216,0.895,0.329,20.595,-72.107,-84.092
-0.348,0.969,0.338,20.748,-59.374,-74.183
-0.449,1.051,0.308,19.328,-50.046,-62.931
-0.557,1.114,0.259,16.580,-42.076,-49.313
-0.623,1.118,0.228,12.321,-34.290,-33.786
-0.699,1.073,0.184,5.847,-26.336,-16.733
-0.781,1.011,0.124,-1.206,-19.924,-0.275
-0.821,0.957,0.086,-7.221,-14.153,15.863
-0.872,0.878,0.065,-12.351,-9.695,30.595
-0.906,0.781,0.048,-16.366,-4.763,44.015
-0.916,0.708,0.070,-18.992,-0.015,56.901
-0.946,0.616,0.071,-19.664,4.824,68.779
-0.963,0.537,0.079,-20.031,9.176,79.084
-0.981,0.472,0.089,-20.443,13.099,88.580
-1.023,0.378,0.082,-21.786,16.550,96.809
-1.049,0.280,0.047,-23.893,17.863,104.198
-1.070,0.153,0.018,-26.183,18.015,110.580
-1.070,0.041,-0.025,-28.015,17.847,115.038
-1.030,-0.066,-0.021,-29.298,19.298,118.321
-0.963,-0.173,-0.032,-29.603,21.527,120.198
-0.895,-0.241,-0.028,-28.458,24.656,120.046
-0.815,-0.326,-0.015,-25.252,27.542,117.969
-0.727,-0.394,-0.027,-20.427,30.840,114.260
-0.642,-0.448,-0.009,-14.641,35.008,110.198
-0.575,-0.496,-0.022,-9.344,39.710,105.664
-0.526,-0.540,-0.016,-5.679,43.969,102.214
-0.472,-0.573,-0.019,-4.641,48.779,98.198
-0.440,-0.606,-0.022,-5.939,53.435,94.824
-0.389,-0.635,-0.014,-9.313,57.847,91.344
-0.340,-0.658,0.010,-14.366,61.756,87.695
-0.277,-0.674,0.047,-20.031,64.351,83.328
-0.226,-0.685,0.065,-25.878,65.435,78.000
-0.146,-0.715,0.077,-30.183,64.153,72.611
-0.071,-0.722,0.062,-31.618,60.763,67.405
-0.008,-0.734,0.060,-29.618,57.084,63.206
0.092,-0.739,0.066,-24.412,53.756,59.588
0.200,-0.740,0.067,-16.580,52.168,56.916
0.282,-0.730,0.076,-7.420,52.076,54.733
0.376,-0.722,0.067,2.992,52.702,52.870
0.473,-0.687,0.068,13.069,53.588,50.824
0.548,-0.663,0.081,22.168,53.481,49.160
0.605,-0.624,0.079,29.969,54.458,47.786
0.640,-0.582,0.090,35.099,56.595,46.412
0.702,-0.526,0.082,37.954,61.802,45.756
0.736,-0.498,0.098,37.893,66.473,46.351

0.892,-1.146,0.988,212.260,-240.427,-111.405
0.919,-1.146,0.996,212.168,-242.107,-110.870
0.932,-1.153,0.994,212.214,-243.817,-110.550
0.953,-1.161,1.002,212.275,-245.160,-110.168
1.014,-1.162,1.005,212.641,-251.420,-108.183
1.099,-1.169,1.039,214.504,-257.527,-106.015
1.173,-1.148,1.074,216.885,-263.099,-104.366
1.254,-1.145,1.082,219.466,-267.954,-102.046
1.347,-1.132,1.102,221.573,-271.847,-98.443
1.399,-1.120,1.150,222.076,-273.954,-95.069
1.445,-1.151,1.168,221.389,-277.542,-90.260
1.510,-1.167,1.202,220.794,-282.519,-84.824
1.555,-1.177,1.245,220.702,-288.931,-78.962
1.591,-1.199,1.315,221.160,-296.321,-72.718
1.634,-1.212,1.402,222.779,-305.267,-66.290
1.650,-1.243,1.449,224.031,-315.863,-60.565
1.641,-1.281,1.513,225.603,-329.695,-55.359
1.636,-1.319,1.564,227.023,-346.137,-51.298
1.636,-1.378,1.584,227.496,-365.389,-48.229
1.658,-1.406,1.589,228.412,-388.214,-44.947
1.689,-1.479,1.577,229.985,-410.519,-41.618
1.725,-1.545,1.588,232.519,-430.519,-38.611
1.752,-1.589,1.593,234.824,-444.779,-36.916
1.765,-1.655,1.582,238.107,-457.771,-36.458
1.778,-1.723,1.580,240.336,-467.527,-36.824
1.768,-1.778,1.567,241.282,-474.931,-37.985
1.739,-1.814,1.575,240.168,-479.038,-39.740
1.708,-1.828,1.586,235.664,-479.344,-43.282
1.676,-1.833,1.627,227.542,-476.809,-48.321
1.622,-1.801,1.654,215.130,-473.725,-54.916
1.547,-1.754,1.689,197.924,-470.519,-62.473
1.476,-1.686,1.680,175.710,-466.870,-71.237
1.435,-1.631,1.676,151.969,-462.382,-79.527
1.396,-1.569,1.659,124.519,-455.099,-86.351
1.354,-1.523,1.662,95.985,-444.885,-91.450
1.299,-1.472,1.656,69.481,-432.092,-96.977
1.259,-1.416,1.620,46.733,-418.992,-103.038
1.248,-1.309,1.618,27.405,-404.763,-109.450
1.214,-1.224,1.568,11.206,-389.817,-115.939
1.187,-1.156,1.550,-2.351,-375.374,-120.473
1.106,-1.082,1.549,-14.565,-362.229,-123.328
1.022,-0.998,1.510,-26.397,-349.466,-126.351
0.943,-0.920,1.488,-36.275,-339.084,-129.420
0.865,-0.861,1.475,-42.794,-329.954,-133.282
0.809,-0.785,1.438,-45.954,-320.260,-137.130
0.759,-0.717,1.388,-45.221,-311.069,-139.359
0.689,-0.636,1.354,-41.282,-303.511,-139.756
0.600,-0.557,1.294,-34.550,-297.832,-139.298
0.491,-0.476,1.241,-25.878,-292.366,-138.321
0.376,-0.416,1.212,-16.397,-286.947,-137.603
0.231,-0.391,1.168,-6.107,-280.733,-138.168
0.120,-0.334,1.107,3.893,-276.855,-139.511
0.026,-0.267,1.037,13.176,-275.863,-141.817
-0.037,-0.203,0.941,22.092,-273.298,-145.130
-0.034,-0.122,0.869,30.046,-267.725,-147.450
-0.018,-0.048,0.783,37.145,-256.244,-148.321
0.005,0.031,0.716,43.130,-239.939,-146.290
0.022,0.099,0.650,46.595,-221.130,-142.137
0.010,0.177,0.586,47.618,-199.450,-135.786
-0.003,0.242,0.545,46.229,-177.924,-129.374
-0.030,0.319,0.522,43.053,-157.206,-121.603
-0.071,0.373,0.499,38.229,-137.389,-113.313
-0.138,0.419,0.459,33.496,-121.634,-105.023
-0.216,0.434,0.471,28.473,-107.115,-97.099
-0.278,0.442,0.477,23.298,-93.969,-90.656
-0.340,0.465,0.436,18.779,-85.145,-85.695
-0.356,0.519,0.403,15.420,-80.565,-80.260
-0.373,0.562,0.358,13.191,-78.702,-74.351
-0.372,0.607,0.291,11.344,-75.878,-67.313
-0.374,0.622,0.251,10.336,-72.305,-58.153
-0.380,0.642,0.204,9.053,-66.947,-47.252
-0.392,0.657,0.145,7.405,-59.115,-35.282
-0.385,0.677,0.102,4.427,-50.611,-23.924
-0.371,0.689,0.039,-0.244,-40.519,-11.420
-0.344,0.686,-0.023,-7.237,-28.794,0.794
-0.324,0.676,-0.062,-15.924,-16.947,12.733
-0.292,0.637,-0.096,-27.527,-4.183,25.206
-0.279,0.596,-0.106,-39.740,7.939,36.168
-0.281,0.545,-0.095,-51.282,18.092,44.519
-0.265,0.505,-0.067,-61.588,27.038,51.588
-0.275,0.426,-0.022,-69.115,33.221,57.603
-0.298,0.376,-0.001,-72.244,33.985,62.351
-0.323,0.320,-0.012,-70.870,31.328,66.641
-0.319,0.269,-0.002,-66.458,27.969,71.420
-0.323,0.170,0.001,-59.130,24.351,76.351
-0.323,0.088,0.011,-49.969,21.756,81.130
-0.317,0.045,0.015,-39.710,19.893,84.901
-0.302,0.010,0.011,-28.763,18.183,88.107
-0.265,-0.029,0.010,-18.672,16.351,89.725
-0.242,-0.056,0.020,-9.863,15.008,90.748
-0.204,-0.079,0.010,-3.298,13.832,91.191
-0.172,-0.109,0.011,0.962,13.847,91.481
-0.146,-0.123,-0.009,2.229,14.489,91.985
-0.119,-0.155,-0.034,1.435,16.443,92.305
-0.095,-0.175,-0.048,-1.252,19.740,93.435
-0.063,-0.208,-0.071,-5.695,25.038,94.092
-0.029,-0.243,-0.083,-11.527,31.588,95.069
0.004,-0.277,-0.082,-18.641,39.221,95.053
0.031,-0.297,-0.081,-25.771,46.733,94.137
0.070,-0.324,-0.079,-33.420,54.809,93.267

0.971,-1.362,0.687,219.176,-257.939,-148.260
0.979,-1.372,0.699,219.282,-259.038,-148.534
0.992,-1.374,0.698,219.511,-260.260,-148.748
0.992,-1.374,0.698,219.695,-261.252,-148.855
1.046,-1.394,0.736,219.863,-267.893,-148.779
1.068,-1.425,0.808,219.221,-277.481,-148.275
1.102,-1.473,0.839,218.260,-285.985,-148.565
1.149,-1.520,0.869,219.282,-296.916,-147.832
1.190,-1.552,0.949,221.405,-308.870,-146.366
1.229,-1.592,0.989,226.137,-318.626,-145.374
1.262,-1.624,1.030,232.305,-330.672,-145.573
1.309,-1.670,1.089,239.008,-342.504,-146.977
1.343,-1.709,1.121,245.664,-356.153,-148.748
1.365,-1.749,1.159,251.969,-371.939,-150.153
1.372,-1.783,1.209,257.969,-386.885,-152.519
1.368,-1.814,1.251,263.725,-403.237,-155.069
1.360,-1.814,1.281,269.298,-419.878,-157.328
1.350,-1.812,1.314,274.840,-435.435,-159.557
1.325,-1.815,1.341,280.214,-450.443,-160.534
1.303,-1.821,1.385,284.229,-464.489,-160.336
1.266,-1.806,1.403,286.214,-474.275,-160.855
1.204,-1.784,1.458,284.366,-483.389,-163.221
1.146,-1.757,1.469,277.817,-492.733,-167.695
1.067,-1.692,1.480,268.275,-500.275,-174.427
1.005,-1.618,1.452,257.618,-500.275,-183.038
0.988,-1.541,1.444,246.275,-500.275,-192.534
0.971,-1.477,1.443,233.893,-500.275,-201.359
0.970,-1.387,1.413,219.847,-500.275,-208.992
0.977,-1.269,1.363,203.588,-500.275,-215.176
0.993,-1.133,1.319,185.450,-500.275,-219.557
1.010,-0.993,1.255,165.847,-491.191,-221.603
1.026,-0.858,1.210,145.557,-477.298,-219.771
1.024,-0.717,1.178,124.519,-460.992,-215.313
1.026,-0.585,1.149,101.618,-442.885,-207.786
1.001,-0.457,1.120,79.740,-425.374,-198.824
0.956,-0.378,1.076,58.168,-410.183,-189.435
0.919,-0.308,1.008,37.679,-397.038,-179.313
0.882,-0.248,0.946,20.992,-384.794,-168.992
0.848,-0.204,0.876,7.664,-371.160,-158.244
0.815,-0.208,0.834,-2.733,-355.130,-147.878
0.775,-0.218,0.794,-10.641,-337.206,-138.305
0.723,-0.231,0.746,-16.458,-318.824,-131.542
0.688,-0.226,0.702,-19.573,-301.420,-127.542
0.632,-0.240,0.691,-19.908,-285.756,-126.290
0.593,-0.268,0.711,-17.328,-268.656,-127.847
0.551,-0.275,0.716,-11.817,-251.328,-131.710
0.510,-0.263,0.738,-3.573,-234.595,-136.458
0.483,-0.244,0.757,6.168,-219.298,-140.626
0.465,-0.211,0.770,17.221,-203.679,-143.130
0.452,-0.157,0.804,28.260,-188.397,-143.450
0.410,-0.109,0.835,38.244,-175.008,-141.206
0.364,-0.038,0.854,46.443,-164.031,-137.267
0.300,0.018,0.875,52.122,-155.924,-131.924
0.245,0.078,0.884,55.206,-150.382,-125.679
0.203,0.124,0.885,56.443,-147.725,-117.817
0.150,0.176,0.861,55.954,-146.840,-108.412
0.089,0.232,0.834,54.534,-146.962,-97.496
0.043,0.277,0.781,52.076,-146.534,-86.687
-0.010,0.315,0.727,48.855,-145.084,-75.969
-0.048,0.316,0.674,44.626,-142.840,-64.046
-0.086,0.328,0.590,39.710,-140.351,-53.420
-0.100,0.343,0.509,34.229,-136.702,-42.916
-0.102,0.346,0.437,28.702,-132.137,-32.885
-0.106,0.344,0.354,22.641,-126.443,-23.389
-0.104,0.340,0.307,16.580,-117.618,-14.870
-0.099,0.332,0.234,9.878,-108.321,-6.550
-0.104,0.320,0.159,3.374,-99.450,0.824
-0.115,0.313,0.118,-3.069,-90.794,7.817
-0.136,0.304,0.052,-9.328,-82.443,14.015
-0.153,0.287,0.008,-16.489,-73.939,20.321
-0.174,0.282,-0.027,-23.954,-66.061,25.908
-0.190,0.251,-0.098,-31.450,-58.824,31.695
-0.213,0.222,-0.139,-38.321,-52.733,36.885
-0.209,0.196,-0.186,-44.611,-46.794,41.466
-0.209,0.182,-0.225,-49.664,-42.198,44.748
-0.199,0.167,-0.259,-53.099,-38.443,47.160
-0.180,0.145,-0.301,-53.863,-35.191,49.374
-0.164,0.135,-0.317,-52.443,-31.786,52.031
-0.130,0.113,-0.361,-48.794,-27.924,54.794
-0.107,0.094,-0.377,-43.405,-22.580,58.046
-0.083,0.075,-0.387,-37.176,-16.809,60.718
-0.043,0.046,-0.382,-31.053,-10.168,63.328
-0.016,0.024,-0.385,-25.237,-4.656,64.977
0.009,0.004,-0.382,-20.168,0.168,66.137
0.031,-0.006,-0.373,-15.664,3.893,66.977
0.057,-0.024,-0.361,-12.305,6.855,67.679
0.067,-0.040,-0.368,-9.481,9.130,68.534
0.082,-0.051,-0.358,-7.374,11.313,69.542
0.108,-0.067,-0.358,-6.214,13.435,70.824
0.120,-0.074,-0.348,-6.153,16.366,72.336
0.148,-0.100,-0.357,-7.313,20.198,74.092
0.180,-0.125,-0.357,-9.924,24.443,75.802
0.192,-0.155,-0.357,-13.710,29.160,77.359
0.231,-0.195,-0.331,-18.305,33.863,78.290
0.260,-0.222,-0.315,-24.137,36.947,78.809
0.279,-0.264,-0.322,-30.031,40.275,78.107
0.296,-0.292,-0.313,-35.649,42.794,76.855
0.323,-0.328,-0.307,-40.031,44.290,74.870
0.353,-0.362,-0.300,-42.366,45.817,72.550
0.379,-0.374,-0.297,-42.733,47.618,70.580
